Id,Name,Canonical,Region,Country,Country Code
"2004","Afghanistan","Afghanistan","","Afghanistan","af"
"2008","Albania","Albania","","Albania","al"
"2010","Antarctica","Antarctica","","Antarctica","aq"
"2012","Algeria","Algeria","","Algeria","dz"
"2016","American Samoa","American Samoa","","American Samoa","as"
"2020","Andorra","Andorra","","Andorra","ad"
"2024","Angola","Angola","","Angola","ao"
"2028","Antigua and Barbuda","Antigua and Barbuda","","Antigua and Barbuda","ag"
"2031","Azerbaijan","Azerbaijan","","Azerbaijan","az"
"2032","Argentina","Argentina","","Argentina","ar"
"2036","Australia","Australia","","Australia","au"
"2040","Austria","Austria","","Austria","at"
"2044","The Bahamas","The Bahamas","","The Bahamas","bs"
"2048","Bahrain","Bahrain","","Bahrain","bh"
"2050","Bangladesh","Bangladesh","","Bangladesh","bd"
"2051","Armenia","Armenia","","Armenia","am"
"2052","Barbados","Barbados","","Barbados","bb"
"2056","Belgium","Belgium","","Belgium","be"
"2064","Bhutan","Bhutan","","Bhutan","bt"
"2068","Bolivia","Bolivia","","Bolivia","bo"
"2070","Bosnia and Herzegovina","Bosnia and Herzegovina","","Bosnia and Herzegovina","ba"
"2072","Botswana","Botswana","","Botswana","bw"
"2076","Brazil","Brazil","","Brazil","br"
"2084","Belize","Belize","","Belize","bz"
"2090","Solomon Islands","Solomon Islands","","Solomon Islands","sb"
"2096","Brunei","Brunei","","Brunei","bn"
"2100","Bulgaria","Bulgaria","","Bulgaria","bg"
"2104","Myanmar (Burma)","Myanmar (Burma)","","Myanmar (Burma)","mm"
"2108","Burundi","Burundi","","Burundi","bi"
"2112","Belarus","Belarus","","Belarus","by"
"2116","Cambodia","Cambodia","","Cambodia","kh"
"2120","Cameroon","Cameroon","","Cameroon","cm"
"2124","Canada","Canada","","Canada","ca"
"2132","Cabo Verde","Cabo Verde","","Cabo Verde","cv"
"2140","Central African Republic","Central African Republic","","Central African Republic","cf"
"2144","Sri Lanka","Sri Lanka","","Sri Lanka","lk"
"2148","Chad","Chad","","Chad","td"
"2152","Chile","Chile","","Chile","cl"
"2156","China","China","","China","cn"
"2162","Christmas Island","Christmas Island","","Christmas Island","cx"
"2166","Cocos (Keeling) Islands","Cocos (Keeling) Islands","","Cocos (Keeling) Islands","cc"
"2170","Colombia","Colombia","","Colombia","co"
"2174","Comoros","Comoros","","Comoros","km"
"2178","Republic of the Congo","Republic of the Congo","","Republic of the Congo","cg"
"2180","Democratic Republic of the Congo","Democratic Republic of the Congo","","Democratic Republic of the Congo","cd"
"2184","Cook Islands","Cook Islands","","Cook Islands","ck"
"2188","Costa Rica","Costa Rica","","Costa Rica","cr"
"2191","Croatia","Croatia","","Croatia","hr"
"2196","Cyprus","Cyprus","","Cyprus","cy"
"2203","Czechia","Czechia","","Czechia","cz"
"2204","Benin","Benin","","Benin","bj"
"2208","Denmark","Denmark","","Denmark","dk"
"2212","Dominica","Dominica","","Dominica","dm"
"2214","Dominican Republic","Dominican Republic","","Dominican Republic","do"
"2218","Ecuador","Ecuador","","Ecuador","ec"
"2222","El Salvador","El Salvador","","El Salvador","sv"
"2226","Equatorial Guinea","Equatorial Guinea","","Equatorial Guinea","gq"
"2231","Ethiopia","Ethiopia","","Ethiopia","et"
"2232","Eritrea","Eritrea","","Eritrea","er"
"2233","Estonia","Estonia","","Estonia","ee"
"2239","South Georgia and the South Sandwich Islands","South Georgia and the South Sandwich Islands","","South Georgia and the South Sandwich Islands","gs"
"2242","Fiji","Fiji","","Fiji","fj"
"2246","Finland","Finland","","Finland","fi"
"2250","France","France","","France","fr"
"2258","French Polynesia","French Polynesia","","French Polynesia","pf"
"2260","French Southern and Antarctic Lands","French Southern and Antarctic Lands","","French Southern and Antarctic Lands","tf"
"2262","Djibouti","Djibouti","","Djibouti","dj"
"2266","Gabon","Gabon","","Gabon","ga"
"2268","Georgia","Georgia","","Georgia","ge"
"2270","The Gambia","The Gambia","","The Gambia","gm"
"2276","Germany","Germany","","Germany","de"
"2288","Ghana","Ghana","","Ghana","gh"
"2296","Kiribati","Kiribati","","Kiribati","ki"
"2300","Greece","Greece","","Greece","gr"
"2308","Grenada","Grenada","","Grenada","gd"
"2316","Guam","Guam","","Guam","gu"
"2320","Guatemala","Guatemala","","Guatemala","gt"
"2324","Guinea","Guinea","","Guinea","gn"
"2328","Guyana","Guyana","","Guyana","gy"
"2332","Haiti","Haiti","","Haiti","ht"
"2334","Heard Island and McDonald Islands","Heard Island and McDonald Islands","","Heard Island and McDonald Islands","hm"
"2336","Vatican City","Vatican City","","Vatican City","va"
"2340","Honduras","Honduras","","Honduras","hn"
"2348","Hungary","Hungary","","Hungary","hu"
"2352","Iceland","Iceland","","Iceland","is"
"2356","India","India","","India","in"
"2360","Indonesia","Indonesia","","Indonesia","id"
"2368","Iraq","Iraq","","Iraq","iq"
"2372","Ireland","Ireland","","Ireland","ie"
"2376","Israel","Israel","","Israel","il"
"2380","Italy","Italy","","Italy","it"
"2384","Cote d'Ivoire","Cote d'Ivoire","","Cote d'Ivoire","ci"
"2388","Jamaica","Jamaica","","Jamaica","jm"
"2392","Japan","Japan","","Japan","jp"
"2398","Kazakhstan","Kazakhstan","","Kazakhstan","kz"
"2400","Jordan","Jordan","","Jordan","jo"
"2404","Kenya","Kenya","","Kenya","ke"
"2410","South Korea","South Korea","","South Korea","kr"
"2414","Kuwait","Kuwait","","Kuwait","kw"
"2417","Kyrgyzstan","Kyrgyzstan","","Kyrgyzstan","kg"
"2418","Laos","Laos","","Laos","la"
"2422","Lebanon","Lebanon","","Lebanon","lb"
"2426","Lesotho","Lesotho","","Lesotho","ls"
"2428","Latvia","Latvia","","Latvia","lv"
"2430","Liberia","Liberia","","Liberia","lr"
"2434","Libya","Libya","","Libya","ly"
"2438","Liechtenstein","Liechtenstein","","Liechtenstein","li"
"2440","Lithuania","Lithuania","","Lithuania","lt"
"2442","Luxembourg","Luxembourg","","Luxembourg","lu"
"2450","Madagascar","Madagascar","","Madagascar","mg"
"2454","Malawi","Malawi","","Malawi","mw"
"2458","Malaysia","Malaysia","","Malaysia","my"
"2462","Maldives","Maldives","","Maldives","mv"
"2466","Mali","Mali","","Mali","ml"
"2470","Malta","Malta","","Malta","mt"
"2478","Mauritania","Mauritania","","Mauritania","mr"
"2480","Mauritius","Mauritius","","Mauritius","mu"
"2484","Mexico","Mexico","","Mexico","mx"
"2492","Monaco","Monaco","","Monaco","mc"
"2496","Mongolia","Mongolia","","Mongolia","mn"
"2498","Moldova","Moldova","","Moldova","md"
"2499","Montenegro","Montenegro","","Montenegro","me"
"2504","Morocco","Morocco","","Morocco","ma"
"2508","Mozambique","Mozambique","","Mozambique","mz"
"2512","Oman","Oman","","Oman","om"
"2516","Namibia","Namibia","","Namibia","na"
"2520","Nauru","Nauru","","Nauru","nr"
"2524","Nepal","Nepal","","Nepal","np"
"2528","Netherlands","Netherlands","","Netherlands","nl"
"2531","Curacao","Curacao","","Curacao","cw"
"2534","Sint Maarten","Sint Maarten","","Sint Maarten","sx"
"2535","Caribbean Netherlands","Caribbean Netherlands","","Caribbean Netherlands","bq"
"2540","New Caledonia","New Caledonia","","New Caledonia","nc"
"2548","Vanuatu","Vanuatu","","Vanuatu","vu"
"2554","New Zealand","New Zealand","","New Zealand","nz"
"2558","Nicaragua","Nicaragua","","Nicaragua","ni"
"2562","Niger","Niger","","Niger","ne"
"2566","Nigeria","Nigeria","","Nigeria","ng"
"2570","Niue","Niue","","Niue","nu"
"2574","Norfolk Island","Norfolk Island","","Norfolk Island","nf"
"2578","Norway","Norway","","Norway","no"
"2580","Northern Mariana Islands","Northern Mariana Islands","","Northern Mariana Islands","mp"
"2581","United States Minor Outlying Islands","United States Minor Outlying Islands","","United States Minor Outlying Islands","um"
"2583","Micronesia","Micronesia","","Micronesia","fm"
"2584","Marshall Islands","Marshall Islands","","Marshall Islands","mh"
"2585","Palau","Palau","","Palau","pw"
"2586","Pakistan","Pakistan","","Pakistan","pk"
"2591","Panama","Panama","","Panama","pa"
"2598","Papua New Guinea","Papua New Guinea","","Papua New Guinea","pg"
"2600","Paraguay","Paraguay","","Paraguay","py"
"2604","Peru","Peru","","Peru","pe"
"2608","Philippines","Philippines","","Philippines","ph"
"2612","Pitcairn Islands","Pitcairn Islands","","Pitcairn Islands","pn"
"2616","Poland","Poland","","Poland","pl"
"2620","Portugal","Portugal","","Portugal","pt"
"2624","Guinea-Bissau","Guinea-Bissau","","Guinea-Bissau","gw"
"2626","Timor-Leste","Timor-Leste","","Timor-Leste","tl"
"2634","Qatar","Qatar","","Qatar","qa"
"2642","Romania","Romania","","Romania","ro"
"2643","Russia","Russia","","Russia","ru"
"2646","Rwanda","Rwanda","","Rwanda","rw"
"2652","Saint Barthelemy","Saint Barthelemy","","Saint Barthelemy","bl"
"2654","Saint Helena, Ascension and Tristan da Cunha","Saint Helena, Ascension and Tristan da Cunha","","Saint Helena, Ascension and Tristan da Cunha","sh"
"2659","Saint Kitts and Nevis","Saint Kitts and Nevis","","Saint Kitts and Nevis","kn"
"2662","Saint Lucia","Saint Lucia","","Saint Lucia","lc"
"2663","Saint Martin","Saint Martin","","Saint Martin","mf"
"2666","Saint Pierre and Miquelon","Saint Pierre and Miquelon","","Saint Pierre and Miquelon","pm"
"2670","Saint Vincent and the Grenadines","Saint Vincent and the Grenadines","","Saint Vincent and the Grenadines","vc"
"2674","San Marino","San Marino","","San Marino","sm"
"2678","Sao Tome and Principe","Sao Tome and Principe","","Sao Tome and Principe","st"
"2682","Saudi Arabia","Saudi Arabia","","Saudi Arabia","sa"
"2686","Senegal","Senegal","","Senegal","sn"
"2688","Serbia","Serbia","","Serbia","rs"
"2690","Seychelles","Seychelles","","Seychelles","sc"
"2694","Sierra Leone","Sierra Leone","","Sierra Leone","sl"
"2702","Singapore","Singapore","","Singapore","sg"
"2703","Slovakia","Slovakia","","Slovakia","sk"
"2704","Vietnam","Vietnam","","Vietnam","vn"
"2705","Slovenia","Slovenia","","Slovenia","si"
"2706","Somalia","Somalia","","Somalia","so"
"2710","South Africa","South Africa","","South Africa","za"
"2716","Zimbabwe","Zimbabwe","","Zimbabwe","zw"
"2724","Spain","Spain","","Spain","es"
"2728","South Sudan","South Sudan","","South Sudan","ss"
"2736","Sudan","Sudan","","Sudan","sd"
"2740","Suriname","Suriname","","Suriname","sr"
"2748","Eswatini","Eswatini","","Eswatini","sz"
"2752","Sweden","Sweden","","Sweden","se"
"2756","Switzerland","Switzerland","","Switzerland","ch"
"2762","Tajikistan","Tajikistan","","Tajikistan","tj"
"2764","Thailand","Thailand","","Thailand","th"
"2768","Togo","Togo","","Togo","tg"
"2772","Tokelau","Tokelau","","Tokelau","tk"
"2776","Tonga","Tonga","","Tonga","to"
"2780","Trinidad and Tobago","Trinidad and Tobago","","Trinidad and Tobago","tt"
"2784","United Arab Emirates","United Arab Emirates","","United Arab Emirates","ae"
"2788","Tunisia","Tunisia","","Tunisia","tn"
"2792","Turkiye","Turkiye","","Turkiye","tr"
"2795","Turkmenistan","Turkmenistan","","Turkmenistan","tm"
"2798","Tuvalu","Tuvalu","","Tuvalu","tv"
"2800","Uganda","Uganda","","Uganda","ug"
"2804","Ukraine","Ukraine","","Ukraine","ua"
"2807","North Macedonia","North Macedonia","","North Macedonia","mk"
"2818","Egypt","Egypt","","Egypt","eg"
"2826","United Kingdom","United Kingdom","","United Kingdom","gb"
"2831","Guernsey","Guernsey","","Guernsey","gg"
"2832","Jersey","Jersey","","Jersey","je"
"2833","Isle of Man","Isle of Man","","Isle of Man","im"
"2834","Tanzania","Tanzania","","Tanzania","tz"
"2840","United States","United States","","United States","us"
"2854","Burkina Faso","Burkina Faso","","Burkina Faso","bf"
"2858","Uruguay","Uruguay","","Uruguay","uy"
"2860","Uzbekistan","Uzbekistan","","Uzbekistan","uz"
"2862","Venezuela","Venezuela","","Venezuela","ve"
"2876","Wallis and Futuna","Wallis and Futuna","","Wallis and Futuna","wf"
"2882","Samoa","Samoa","","Samoa","ws"
"2887","Yemen","Yemen","","Yemen","ye"
"2894","Zambia","Zambia","","Zambia","zm"
